<?xml version="1.0" encoding="UTF-8"?>
<project-private xmlns="http://www.netbeans.org/ns/project-private/1">
    <editor-bookmarks xmlns="http://www.netbeans.org/ns/editor-bookmarks/1"/>
    <editor-bookmarks xmlns="http://www.netbeans.org/ns/editor-bookmarks/2" lastBookmarkId="0"/>
    <open-files xmlns="http://www.netbeans.org/ns/projectui-open-files/2">
        <group>
            <file>file:/F:/ISOFTWARE/IS_SEM12_2/Proyecto_Base/fii_tecsupport/src/IU/FrmVenta.java</file>
            <file>file:/F:/ISOFTWARE/IS_SEM12_2/Proyecto_Base/fii_tecsupport/src/DAO/det_ventaDAO.java</file>
        </group>
    </open-files>
</project-private>
