<?xml version="1.0" encoding="UTF-8"?>
<project-private xmlns="http://www.netbeans.org/ns/project-private/1">
    <editor-bookmarks xmlns="http://www.netbeans.org/ns/editor-bookmarks/1"/>
    <editor-bookmarks xmlns="http://www.netbeans.org/ns/editor-bookmarks/2" lastBookmarkId="0"/>
    <open-files xmlns="http://www.netbeans.org/ns/projectui-open-files/2">
        <group>
            <file>file:/F:/ISOFTWARE/proyCasoEsp/src/IU/FrmEmpleado.java</file>
            <file>file:/F:/ISOFTWARE/proyCasoEsp/src/UTIL/DbBean.java</file>
            <file>file:/F:/ISOFTWARE/proyCasoEsp/src/BEAN/Empleado.java</file>
            <file>file:/F:/ISOFTWARE/proyCasoEsp/src/DAO/TipEmpDAO.java</file>
            <file>file:/F:/ISOFTWARE/proyCasoEsp/src/DAO/EmpleadoDAO.java</file>
        </group>
    </open-files>
</project-private>
