<?xml version="1.0" encoding="UTF-8"?>
<project-private xmlns="http://www.netbeans.org/ns/project-private/1">
    <editor-bookmarks xmlns="http://www.netbeans.org/ns/editor-bookmarks/2" lastBookmarkId="0"/>
    <open-files xmlns="http://www.netbeans.org/ns/projectui-open-files/2">
        <group>
            <file>file:/G:/ISFOTWARE/Sem_4/Proyecto_Mant/src/UI/FrmProducto.java</file>
            <file>file:/G:/ISFOTWARE/Sem_4/Proyecto_Mant/src/UTIL/DbBean.java</file>
            <file>file:/G:/ISFOTWARE/Sem_4/Proyecto_Mant/src/DAO/ProductoDAO.java</file>
            <file>file:/G:/ISFOTWARE/Sem_4/Proyecto_Mant/src/BEAN/Producto.java</file>
        </group>
    </open-files>
</project-private>
