<?xml version="1.0" encoding="UTF-8"?>
<project-private xmlns="http://www.netbeans.org/ns/project-private/1">
    <editor-bookmarks xmlns="http://www.netbeans.org/ns/editor-bookmarks/2" lastBookmarkId="0"/>
    <open-files xmlns="http://www.netbeans.org/ns/projectui-open-files/2">
        <group>
            <file>file:/D:/UNMSM/2023-2/ISOFTWARE/Sem_2/Proiyecto_2/src/BEAN/Producto.java</file>
            <file>file:/D:/UNMSM/2023-2/ISOFTWARE/Sem_2/Proiyecto_2/src/UI/FrnProducto.java</file>
        </group>
    </open-files>
</project-private>
